-,17
-A,6
.cat,7681
.omghi,4610
0mq,138
0xdm5,16
0xffffff,42
10to1-crack,17
1234567890_,31
12_hour_time,66
16watts-fluently,11
189seg,28
196demo,10
19cah,12
1_as_identity_function,50
1and1,15
1hdoc,35
1OS,20
1pass,39
2019-GCPL-CLI-Table,21
21-day-challenge-countdown,30
234ewd,7
24games,97
24point,24
2cdn,27
2DArray,105
2do,11
2gis,514
2Performant,190
360_services,422
37-pieces-of-flair,13
3d-ribbon,50
3d_cache,18
3llo,54
3mix-castronaut,5
3months_staff_schedule,43
3scale-3scale_ws_api,5
3scale-3scale_ws_api_for_ruby,21
3scale-api,111
3scale_api,112
3scale_client,411
3scale_time_range,113
3scale_toolbox,89
3scale_toolbox_supercool_plugin,13
420-time,20
42858gemtest,13
46546535132132A,7
47primes-amatch,6
4info,361
4me-sdk,45
50-best-restaurants,16
52inc-danger,45
533212321-weq-eqw,7
53cr-shoulda_generator,6
6px,48
7_half,37
7digital,154
80ae2fe5c929b7d0a00bdee2d710fa9e,41
80legs,139
88miles,75
99_game,286
99designs-tasks,49
_,45
_amon,9
_bushido-faye,22
_bushido-faye-websocket,16
_p_,11
_rubyapp,6
_s,10
_vm,7
a,98
A-,20
a-b-chi,53
a-gem,20
a-panzer,8
a-ruby-promise,7
a-star,20
a-test-gem,108
a0,16
a0-tzmigration-ruby,34
a11n,15
a1330ks_bmi,27
a1408nw_Ounennhei,19
a1409yo_health,29
a1412tk_bmi,39
a1420ks_bmi,18
a1420ks_my_first_gem,33
a1425bt,19
a1426kt_prime_number,78
a1436mm_age,38
a1437ky_bmi3,17
a1439ty_bmiV3,37
a1447ll_hpbd,50
a1447ll_mini_test,38
a1447ll_test,18
a14z6ch_elapsed_days,60
a14z8fy_tmpcov,9
a1501da_birthday,30
a1508ki_ika,15
a1510jy_bmi,16
a1516so_speedtest,55
a1519jk,16
a1520mk_exercise4,37
a1521hk_age,25
a1521hk_minitest_practice,15
a1523xh15745123_bmi,14
a1524ch_huang,14
a1533jt_tianjuan,14
a1535yt_gem,10
a1539kh_calculator,10
a1548sy_yamamoto,10
a1549ey_calc,15
a15666011_konagayoshi,10
a15745105_ichinoki,205
a15745105_ichinokii,34
a15z7kn_niitsuma_2016_gem,8
a15z7kn_niitsuma_kensuke,11
a15z8my_name,13
a1611yk_tax_calc,8
a1616ts_gem,8
a1617ns_helthCalc,13
a1624_bmi,8
a1630ty_a1630ty,8
a1632ma_ano,8
a16745123atanaka,13
a2_printer,20
a2km,59
a2ws,22
a2z,140
a2zdeploy,127
a3_build,12
a3rt-talk,17
a3rt_client,64
a4nt,76
a4tools,11
a50,8
a9n,449
a9s,58
a9s_rabbitmq,12
a9s_swift,59
A_123,32
a_a_n,82
a_b,35
a_b_plugin,19
a_b_split,44
a_clockwork_ruby,57
a_d,8
a_flanagan_view_tool,21
a_howie_studio_game,7
a_la_chart,157
a_lcdnumbers,7
a_little_less,16
a_marmita,38
a_maze_ing,47
a_okay,15
a_parser_client,217
a_r_b_code_tool,6
a_r_mocker,15
a_r_q_logger,23
a_series_of_tubes,45
a_special_day,15
a_stupid_test_gem,13
a_types,9
a_vs_an,46
aa,39
aa-rails4,14
aa-vimeo-downloader,16
aa_associations,66
aa_global_notifications,20
aa_parser,7
aaaa_aaaa,19
aaalex-cloudy_integrate,5
aaalex-desert,10
aaalex-detect_mobiles,18
aaalex-off_github,21
aaalex-permanent_cookies,5
aaalex-ruby-ifconfig,15
AABeginnerTestGem,8
aac_translation,17
aacinfo-theme,61
aadhaar_auth,10
aadhaar_check,7
aadhar,133
aadigamov_palindrome,11
aaet,10
aaf-gumboot,44
aaf-lipstick,54
aaf-secure_headers,29
aai,62
aai10-mechanize,23
aalib-ruby,18
aam,30
aamax.amazing_game,27
aamva,31
aanand-deadweight,20
aanand-merb_hoptoad_notifier,10
aanand-ruby-do-notation,9
aap_test_gem,8
aapis-gist,64
aaq,22
aardvark,10
aargs,58
aargvark,33
aaron,10
aaronchi-jrails,10
aaronh-chronic,1108
aaronp-frex,10
aaronp-meow,9
aaronp-zomg,13
aarontc-serialport,10
aarrr,22
aas,10
aasm,26747
aasm-active_fedora,22
aasm-bang,23
aasm-diagram,624
aasm_actionable,21
aasm_history,36
aasm_ohm_persistence,97
aasm_progressable,20
aasm_statecharts,21
aasmith-yodlee,10
aastdlib,10
aastra_xml_api,62
aavimeodl,22
aavkontakte,77
aavkontakte-rails3,112
aaww,26
ab,54
ab-experiments-rails,18
ab-split,57
ab-switcher,10
ab_admin,313
ab_my_string_extend,9
ab_panel,177
ab_rules,16
ab_switcher,77
ab_tester,14
ab_tests,37
aba,152
aba_numbers,23
abaci,45
abaco,26
abacos,22
abacus,16
abacus_count,83
abaddon,60
abak-flow,314
abak-selenium-integration,13
abalone,86
abanalyzer,287
abank,460
abb,34
abba,7
abbey,68
abbish_sequel_plugins,46
abBleGatewaySdk,7
abbreviated_methods,8
abbreviato,23
abbyy,59
abbyy-cloud,61
abbyy-ruby,27
abc,44
abc-adapters,60
abc-backend,61
abc-core,56
abc-frontend,48
abc_jsonapi,187
abcd,22
abcde-at-the-movies,5
abcde-atthemovies,10
abcde-configarrr,5
abcde-sappy,10
ABCEvaluateMath,21
abcing,25
abcjs-rails,131
ABCLogger,20
abcrunch,41
abctools,11
abcxyz,19
abdesign,11
abdi_view_tool,7
abebooks,14
abebooks4r,18
abel,19
abelard,7
abenity_ruby,15
abenla-ruby,11
aberant-osc-ruby,14
aberant-tuio-ruby,23
abes_game,7
abgabenrechner,151
abhay-calais,9
abhay-typhoeus,5
abhi-contacts,22
abhi11first,12
abhishek_portfolio_view_tool,43
abhiyerra-jruby-memcache-client,5
abhiyerra-refacebook,54
abi,7
abid,83
abide,40
ABIF,12
abilities,64
ability_engine,41
ability_list,29
ability_list-cj,10
abingo,60
abingo_port,20
abiquo,36
abiquo-api,67
abiquo-chef-agent,205
abiquo-etk,413
abiquo-installer-tests,135
abjad,10
abject,11
ablab,132
ablab-core,8
able,45
able-neo4j,12
able_git_hooks,24
ablerc,48
ably,430
ably-rest,227
abn,152
abn_search,118
abn_validator,10
abnc,13
abneed_palindrome,6
abnf,22
abnf-parser,34
abnf-parsing,98
abnftt,7
abnormal,19
ABO,19
aboardly,16
aboie,10
aboisvert_aws,44
abokifx_indexer,22
abongo,157
abort_if,30
about,25
about_p,39
about_page,198
about_pos,31
about_yml,77
aboutyou-sdk,246
abprof,26
abr,15
abr_lookup,39
abra,23
abracadabra,151
abraCadabstrax_palindrome,21
abraebare,12
abraham,76
abrakabuki,13
abrasf-desif,20
abricot,20
abril_heartbeat,27
abrio,24
abrizer,33
abro_studio_game,20
abroad,130
abrt,100
abrupt,47
absa-esd,61
absa-h2h,204
absa-notify-me,137
abscondment-rubyvor,5
abscondment-statistics2,6
abscss,37
absee,146
absentee_camper,98
absgit,60
absinthe,35
absolute,90
absolute_time,673
absolutely,65
AbsoluteRenamer,214
AbsoluteRenamer-date,18
AbsoluteRenamer-system,19
absolution,38
absolutize,208
absolver,7
absorb,36
absorb_api,78
absperf-collectd_server,10
absperf-dm-ssbe-adapter,5
abst,18
abst_int,10
abstats,21
abstract,9983
abstract-data-types,10
abstract-interface,19
abstract-sql,71
abstract-tables,93
abstract_analyzer,67
abstract_api_wrapper,33
abstract_auth,66
abstract_base,21
abstract_builder,8
abstract_class,72
abstract_command,55
abstract_feature_branch,263
abstract_google_client,9
abstract_graph,28
abstract_image,10
abstract_importer,66
abstract_interface,106
abstract_mapper,24
abstract_method,1025
abstract_notifier,327
abstract_type,11782
abstract_validator,8
abstracta,10
abstractable,34
abstracted,194
abstractifier,9
abstraction,146
abstractivator,302
abstractive,17
abstractize,26
abstractor,335
abstracts,71
abstractstack,65
abstrakt,20
abstriker,28
absurdity,54
abt,75
abtain_billing,51
abtest,94
abtion-aid,152
abtion-scripts,27
abtte,31
abucoins,24
abuelo,19
abuiles-geokit,18
Abundance,16
abundance,359
abuseipdb-rb,23
abyss,115
ac-logger,8
ac_copyright_tool,9
ac_hand_dryer,6
ac_hiya_ankit_chachada,19
ac_uniquify,10
aca-device-modules,44
aca-omniauth-jwt,6
aca-omniauth-jwt-blocking,6
academic,134
academic_benchmarks,1785
academic_degree,17
academical-api-client,7
academico,58
Acai,19
acamargo-geoip_city,33
acapela,20
acapi,12
acappella,16
acasi_api,47
acbaker,71
acbgm,8
acc,66
accel-gcthread,10
acceleration,6
accelerator,35
accent-buster,52
accent_to_ascii,16
accentless,201
accept_headers,125
accept_language,119
accept_timezone,13
accept_values_for,620
acceptable,50
acceptable_api,38
acceptance,23
acceptance_test,543
acceptance_test2,14
acceptance_testing,47
acceptance_tests_support,31
acception-client,24
acception-subscriber,32
accepton,25
accepts-flattened-values,81
accepts_nested_ids,35
accepts_nested_serialized_attributes,17
accern,24
accesible_uy,24
access,412
access-derivatives,7
access-granted,447
access-granted-rails,30
access-styles,90
access-watch-rails,15
access-watch-ruby,6
access_checker,5
access_control,21
access_kit,71
access_lint,81
access_loggable,34
access_logging,52
access_manager,73
access_policy,41
access_policy_rails,17
access_roles,8
access_rules,21
access_schema,289
access_stack,9
access_token,20
access_token_agent,143
access_token_wrapper,30
access_watch,21
access_watch_rails,30
AccessControl,14
accessibility,21
accessibility_bridge,33
accessibility_core,229
accessibility_keyboard,26
accessible,14
accessible-books,10
accessible-bootstrap3-rails,80
accessible_attribute_matcher,64
accessible_attributes,114
accessible_books,6
accessible_data,6
accessible_for,104
accessible_hash,11
accessible_seed_yaml,22
accessible_tooltip,69
accession,35
accessitude,75
accesslint-ci,231
accessly,79
accessor,19
accessor-utilities,83
accessor_extender,14
accessor_utilities,79
accessorize,18
accessrange,20
accio,37
accio_bower,16
acclaim,333
acclaim-api,21
acclimate,58
accord,39
according_to,9
accordion_view,21
accorlocal-calendar,25
account_kit,129
account_kit_rails,9
account_scopper,32
account_subdomain,9
accountability,45
accountable,18
accountancy,19
accountant,9
accountant_clerk,46
accountant_date,43
AccountGem,10
accounting,20
accountingjs-rails,739
accountkit,15
accountly,42
accounts,19
accounts_client,460
accoutrement,186
accredible-api-ruby,70
accredible-ruby,20
accumulators,140
accutronic,53
accuweather,38
acdc,206
ace,229
ace-client,158
ace-client-ext,82
ace-debugger-ruby_core_source,21
ace-eye,38
ace-helper,16
ace-rails,31
ace-rails-ap,9285
ace-theme,17
ace_editor-rails,20
ace_redlock,24
ace_vimtura-rails,23
aced_rails,168
aceitafacil,61
acenda-client,12
aceroute,11
aceworld-test,7
acfs,820
acg_view_tool,6
acgt,38
ach,1085
ach_builder,51
ach_client,85
ach_flattenmeta,58
achdirect-activemerchant,19
achecker,45
acheron,7
achetepe,19
achievable,35
achieve,19
achievements,68
achiever,11
achirkunov-spatial_adapter,18
achiu-clfu,8
achoo,79
achoo-plugin-homescreen,18
acirb,42
ack-mongoid-forums,18
ack-paperclip-meta,21
ack-paperclip-watermark,6
ack_favicon_maker_rails,19
ack_rails_admin_jcrop,71
ack_rails_admin_settings,63
ack_rocket_cms,162
ack_rocket_cms_activerecord,156
ack_rocket_cms_catalog,7
ack_rocket_cms_mongoid,157
ackbar,24
ackintosh-net-empty_port,9
ackintosh-tiny_progressbar,19
ackr,76
acl,31
acl9,450
acl_plugin,16
acl_system2,152
aclatraz,99
aclize,29
acls,42
acluscraper,16
acm,44
acmaker,6
acmcommits,404
acme,85
acme-authorizer,26
acme-base64_hexagrams,8
acme-bleach,67
acme-cli,7
acme-client,7209
acme-heisenberg,20
acme-leeway,20
acme-pki,17
acme-r53-cli,34
acme-smileage,16
acme_challenge,60
acme_japanese_av_actress,16
acme_manager,12
acme_nsupdate,31
acme_plugin,14
acmesmith,145
acmesmith-designate,15
acmesmith-google-cloud-dns,15
acmesmith-google-cloud-storage,20
acmesmith-http-path,6
acmesmith-ns1,20
acmesmith-verisign,8
acms_ruby,9
acnfp-trans-counter,34
acoc,10
acop,52
acopy,33
ACORD,10
acorn,19
acorn_cache,18
acorns-rds-auth,187
acos_jekyll_openapi_helper,88
acouchi,238
acoustid-api,9
acpc_dealer,270
acpc_dealer_data,206
acpc_poker_basic_proxy,146
acpc_poker_match_state,165
acpc_poker_player_proxy,164
acpc_poker_types,607
acpc_table_manager,184
acquia-cloud,175
acquia_sdk_ruby,15
acquia_toolbelt,123
acquire_stockinfo_from_yahoo,41
acrawriter,13
acread,121
acrobat,14
acromine,9
acronos_poc,19
acronym,42
acronyms,9
acropolis,15
acrosslite,59
acs-api,9
acs-ldap,70
acs2aws,14
acsv,155
act,77
act-fluent-logger-rails,1850
act-func,8
act-on,9
act_a,14
act_as_activity,19
act_as_attribute,38
act_as_audited,90
act_as_backdrop,23
act_as_buddy,92
act_as_cached,68
act_as_cnpj_cpf,20
act_as_csv,14
act_as_dirty,46
act_as_ecommerce,19
act_as_enumerable,66
act_as_gamification,19
act_as_importable,152
act_as_menu,9
act_as_nameable,55
act_as_page_extractor,11
act_as_permission_controllable,6
act_as_pingback,19
act_as_releasable,86
act_as_scope,19
act_as_serializable,9
act_as_sponsor,19
act_as_time_as_boolean,114
act_as_webhook,19
act_blue_reporter,22
act_form,21
act_with_bag,52
act_with_flags,30
acter,52
actic,166
actie_smsc,24
acting,26
action,10
action-cable-testing,5539
action-draft,80
action-gmailer,33
action-guard,98
action-handle,41
action-hero,57
action-jackson,18
action-mailer-demuxer,46
action-plan,9
action-presenter,18
action-segue,19
action-server,8
action-store,81
action-texter,17
action_access,357
action_admin,41
action_annotation,16
action_args,885
action_audit,15
action_auditor,17
action_audits,18
action_authorization,9
action_authorizer,70
action_blocks,6
action_bouncer,24
action_cable_client,200
action_cable_notifications,86
action_cable_subscription_adapter,48
action_callback,20
action_case,14
action_channels,23
action_chat,5
action_command,56
action_commander,66
action_component,24
action_conductor,8
action_context,34
action_control,27
action_controller-parents,48
action_controller_tweaks,37
action_cost,37
action_counter,6
action_crud,39
action_decorator,8
action_dialog,6
action_director,22
action_dispatch-disable_x_xss_protection,150
action_dispatch-gz_static,136
action_dispatch-http-content_disposition,288
action_dispatch-test_response-json,171
action_encrypt,26
action_event,38
action_extension,8
action_flow,19
action_handler,16
action_interceptor,184
action_kit_api,622
action_kit_rest,66
action_labels,11
action_links,131
action_logger,71
action_logic,105
action_mailer-enqueable,28
action_mailer-logged_smtp_delivery,92
action_mailer-mandrill,9
action_mailer_auto_previews,7
action_mailer_auto_url_options,65
action_mailer_cache_delivery,543
action_mailer_config,34
action_mailer_deliver_later,52
action_mailer_kafka,29
action_mailer_matchers,70
action_mailer_pixel,6
action_mailer_provider,9
action_mailer_stop,12
action_mailer_test_mailing,17
action_mailer_test_via_smtp,43
action_mailer_tls,38
action_mailer_verp,112
action_mailer_x509,17
action_merchant,6
action_messager,27
action_messenger,30
action_meta_tags,20
action_network_rest,804
action_not_found,108
action_notifier,9
action_operation,36
action_param_caching,57
action_parameter,67
action_params_permitter,21
action_params_sanitizer,8
action_path,5
action_permission,22
action_plugin,11
action_policy,690
action_policy-graphql,418
action_prefixer,14
action_presenter,154
action_presenter-base,6
action_profiler,15
action_pubsub,18
action_push,82
action_pusher,48
action_query,14
action_recipient,114
action_report,19
action_requires,38
action_resource,10
action_scheduler,6
action_scribe,6
action_sequence,53
action_service,77
action_shipping,6
action_sms,71
action_sms_gateways,89
action_smser,181
action_sprout-method_object,13
action_subscriber-opentracing,71
action_table,19
action_tabler,43
action_texter,28
action_throttler,17
action_tracker,157
action_tracker_client,120
action_tree,49
action_ui,6
action_widget,208
actionable,131
actionback,9
actioncable,292522
actioncable-bindings,7
actioncable_auto_param,8
actionchain,6
actionchat,7
actioncomponent,13
actioncontroller-parameter_filter,36
actiondebug,8
actioner,6
actionfacade,100
actionfield,6
actionform,9
actionframework,63
actionframework-baseapi,16
actionhook,86
actioninteractor,121
actionio-inifile,38
actionizer,177
actionkit_connector,58
actionmail_logger,24
actionmailbox,81702
actionmailbox-imap,105
actionmailer,269570
actionmailer-2.3.17-rack-upgrade,26
